,Country,Year,% Plastic in waste stream4,Plastic pollution by year,Value_x,Value_y,plastic pollution per millions of people
0,Australia,2003,4.950000000000002,306.99900000000014,6202.0,19.720737,15.567318807608466
1,Australia,2007,4.950000000000002,391.19850000000014,7903.0,20.827622,18.782677158246877
2,Australia,2008,4.950000000000002,389.81250000000017,7875.0,21.249199,18.344809138452707
3,Australia,2009,4.950000000000002,388.42650000000015,7847.0,21.691653,17.906726610461646
4,Australia,2010,4.950000000000002,390.65400000000017,7892.0,22.03175,17.731410350970766
5,Australia,2011,4.950000000000002,372.68550000000016,7529.0,22.340024,16.68241269570705
6,Australia,2012,4.950000000000002,370.6395165000002,7487.667,22.733465,16.3036966208187
7,Australia,2013,4.950000000000002,368.59348350000016,7446.333,23.128129,15.937021256669752
8,Australia,2014,4.950000000000002,366.5475000000001,7405.0,23.475686,15.613920717801394
9,Australia,2015,4.950000000000002,370.4580000000002,7484.0,23.815995,15.555008304292985
10,Australia,2016,4.950000000000002,354.42000000000013,7160.0,24.190907,14.650959552694744
11,Australia,2017,4.950000000000002,366.00300000000016,7394.0,24.60186,14.877045881896741
12,Belgium,2000,23.800000000000008,160.96814650000005,2705.3469999999998,10.251247,15.702299095905119
13,Belgium,2001,23.800000000000008,147.12499550000007,2472.6890000000003,10.286571,14.30262771724417
14,Belgium,2002,23.800000000000008,150.44789200000005,2528.536,10.332783,14.560248870028536
15,Belgium,2003,23.800000000000008,149.41039050000006,2511.099,10.37613,14.399433170170388
16,Belgium,2004,23.800000000000008,149.23314000000005,2508.12,10.421133,14.320241378744525
17,Belgium,2005,23.800000000000008,153.77120500000007,2584.39,10.478617,14.674761468999208
18,Belgium,2006,23.800000000000008,136.75771550000005,2298.449,10.547956,12.96532859067672
19,Belgium,2007,23.800000000000008,150.30015350000005,2526.053,10.625701,14.144963565227373
20,Belgium,2008,23.800000000000008,135.60085700000008,2279.0060000000003,10.709976,12.661172816820512
21,Belgium,2009,23.800000000000008,128.44223350000004,2158.693,10.796498,11.896656999334418
22,Belgium,2010,23.800000000000008,125.62104100000003,2111.2780000000002,10.895589,11.529531905067275
23,Belgium,2011,23.800000000000008,130.10115300000004,2186.574,10.993616,11.834245711329197
24,Belgium,2012,23.800000000000008,131.88413000000006,2216.54,11.067748,11.916076332782428
25,Belgium,2013,23.800000000000008,135.24790300000004,2273.0739999999996,11.125033,12.157078814957226
26,Belgium,2014,23.800000000000008,128.67731800000004,2162.6440000000002,11.179778,11.509827654896192
27,Belgium,2015,23.800000000000008,126.51235100000005,2126.2580000000003,11.238474,11.257075560258453
28,Belgium,2016,23.800000000000008,130.84811600000006,2199.128,11.295003,11.584602146630688
29,Belgium,2017,23.800000000000008,123.80248300000004,2080.714,11.349081,10.908591012787735
30,Belgium,2018,23.800000000000008,125.36590500000004,2106.99,11.40374,10.993402603005684
31,Belgium,2019,17.850000000000005,4.138344000000002,69.55199999999999,11.462023,0.3610483070920379
32,Brazil,2000,63.79999999999999,8699.608499999998,54543.0,173.765726,50.06515784361295
33,Brazil,2010,31.899999999999995,7420.896999999999,46526.0,194.890682,38.07722834075771
34,Brazil,2011,31.899999999999995,7732.081499999998,48477.0,196.603732,39.32825395196465
35,Brazil,2012,31.899999999999995,7945.652,49816.0,198.314934,40.06582782111609
36,Canada,2000,7.8999999999999995,915.170365,23168.87,30.68573,29.823972413235726
37,Canada,2002,7.8999999999999995,951.2141149999999,24081.37,31.360079,30.332006338376885
38,Canada,2004,7.8999999999999995,996.4574150000001,25226.77,31.940655,31.19715030890882
39,Canada,2006,7.8999999999999995,1043.471895,26417.01,32.571174,32.036668220801616
40,Canada,2008,7.8999999999999995,1024.0958019999998,25926.476,33.247118,30.802543606937594
41,Canada,2010,7.8999999999999995,985.6203925000001,24952.415,34.004889,28.98466724887707
42,Canada,2012,7.8999999999999995,974.9182229999999,24681.474000000002,34.714222,28.084115582368515
43,Canada,2014,7.8999999999999995,978.2827144999999,24766.650999999998,35.437435,27.60591206728139
44,Canada,2016,7.8999999999999995,985.1595064999999,24940.747,36.109487,27.28256722395419
45,Canada,2018,7.8999999999999995,1016.45745,25733.100000000002,37.065178,27.42351459906654
46,Chile,2000,10.949999999999998,494.9728499999999,4520.3,15.343326,32.259814462653004
47,Chile,2001,10.949999999999998,494.35964999999993,4514.7,15.520049,31.85296966523752
48,Chile,2002,10.949999999999998,508.85745,4647.1,15.691701,32.428444182055216
49,Chile,2003,10.949999999999998,525.8518499999999,4802.3,15.856977,33.16217523680585
50,Chile,2004,10.949999999999998,543.5689499999999,4964.1,16.022133,33.92612893676515
51,Chile,2005,10.949999999999998,559.9501499999999,5113.7,16.183489,34.60008839873774
52,Chile,2007,10.949999999999998,601.4725499999998,5492.9,16.517933,36.413306071649515
53,Chile,2008,10.949999999999998,614.0759999999999,5608.0,16.697754,36.775964000906946
54,Chile,2009,10.949999999999998,632.8552499999998,5779.5,16.881078,37.48903061759444
55,Chile,2010,10.949999999999998,649.9591499999999,5935.7,17.063927,38.0896583769961
56,Chile,2011,10.949999999999998,672.5927999999999,6142.4,17.254159,38.98148846315835
57,Chile,2014,21.899999999999995,598.4644754999999,5465.429,17.787617,33.64500570818451
58,Chile,2015,21.899999999999995,785.3429789999998,7172.082,17.971423,43.69954338062154
59,Chile,2016,21.899999999999995,780.4383644999999,7127.291,18.167147,42.958774126724464
60,Chile,2017,21.899999999999995,872.2922204999999,7966.139,18.419192,47.357789663086194
61,Chile,2018,21.899999999999995,888.2270984999999,8111.663,18.751405,47.36856243572148
62,Colombia,2005,23.9,906.179255,7583.09,42.888592,21.12867811095314
63,Colombia,2006,23.9,906.179255,7583.09,43.405956,20.876841302608334
64,Colombia,2007,23.9,1093.9021635000001,9153.993,43.926929,24.902768948405207
65,Colombia,2008,23.9,1093.906346,9154.028,44.451147,24.60918153585553
66,Colombia,2009,23.9,1347.1761995,11273.441,44.978832,29.95133798716694
67,Colombia,2010,23.9,1073.1327050000002,8980.19,45.509584,23.580367269452523
68,Colombia,2011,23.9,1157.482019,9686.042000000001,46.044601,25.13827883968416
69,Colombia,2012,23.9,1075.0378934999999,8996.133,46.581823,23.078484787939704
70,Colombia,2013,23.9,1092.7684669999999,9144.506,47.121089,23.19064542417515
71,Colombia,2014,23.9,1092.784241,9144.638,47.661787,22.927890660079534
72,Colombia,2015,23.9,1191.157358,9967.844,48.203405,24.71106258987306
73,Colombia,2016,23.9,1350.4448830000001,11300.794,48.747708,27.70273595222159
74,Colombia,2017,23.9,1234.1423445,10327.551000000001,49.291609,25.037574742183807
75,Colombia,2018,23.9,1327.3750495,11107.741,49.83424,26.635804007445483
76,Denmark,2000,7.799999999999999,43.50449999999999,2231.0,5.337344,8.150964224902872
77,Denmark,2001,7.799999999999999,43.8555,2249.0,5.355082,8.189510450073406
78,Denmark,2002,7.799999999999999,43.407,2226.0,5.374255,8.076840417881176
79,Denmark,2003,7.799999999999999,41.710499999999996,2139.0,5.387174,7.742556672570813
80,Denmark,2004,7.799999999999999,43.19249999999999,2215.0,5.401177,7.996868090047778
81,Denmark,2005,7.799999999999999,45.8835,2353.0,5.415978,8.471877101421017
82,Denmark,2006,7.799999999999999,45.649499999999996,2341.0,5.434567,8.399841238501612
83,Denmark,2007,7.799999999999999,46.936499999999995,2407.0,5.457415,8.600500420070674
84,Denmark,2008,7.799999999999999,46.29299999999999,2374.0,5.489022,8.433742841620964
85,Denmark,2009,7.799999999999999,42.022499999999994,2155.0,5.519441,7.613542748260195
86,Denmark,2010,7.799999999999999,42.022499999999994,2155.0,5.543819,7.58006349052882
87,Denmark,2011,7.799999999999999,53.9565,2767.0,5.566856,9.692454771598188
88,Denmark,2012,7.799999999999999,50.56349999999999,2593.0,5.587085,9.050068148238301
89,Denmark,2013,7.799999999999999,50.465999999999994,2588.0,5.608784,8.997672222713515
90,Denmark,2014,7.799999999999999,48.55499999999999,2490.0,5.639719,8.609471500264462
91,Denmark,2015,7.799999999999999,47.91149999999999,2457.0,5.678348,8.43757726719109
92,Denmark,2016,7.799999999999999,47.931,2458.0,5.724456,8.373022694208847
93,Denmark,2017,7.799999999999999,48.30149999999999,2477.0,5.760694,8.384666847431923
94,Denmark,2018,7.799999999999999,45.92249999999999,2355.0,5.789957,7.931406053620086
95,Denmark,2019,5.85,0.894543,45.873999999999995,5.814461,0.15384796630332545
96,Estonia,2000,47.79999999999999,71.84459499999997,601.2099999999999,1.396985,51.428322422932226
97,Estonia,2001,47.79999999999999,48.209884999999986,403.43,1.388115,34.730469017336446
98,Estonia,2002,47.79999999999999,50.131444999999985,419.51,1.37935,36.344252727734066
99,Estonia,2003,47.79999999999999,44.39663999999999,371.52,1.37072,32.38928446363954
100,Estonia,2004,47.79999999999999,45.790009999999995,383.18,1.36255,33.6061135371179
101,Estonia,2005,47.79999999999999,44.16719999999999,369.59999999999997,1.354775,32.60113302946983
102,Estonia,2006,47.79999999999999,44.69897499999999,374.04999999999995,1.34681,33.18877569961612
103,Estonia,2007,47.79999999999999,46.79859,391.62,1.34068,34.90660709490706
104,Estonia,2008,47.79999999999999,39.895074999999984,333.85,1.33709,29.837239826788014
105,Estonia,2009,47.79999999999999,34.358639999999994,287.52,1.334515,25.746162463516704
106,Estonia,2010,47.79999999999999,31.908889999999992,267.02,1.331475,23.965068814660427
107,Estonia,2011,47.79999999999999,28.565279999999998,239.04,1.327439,21.519090519413695
108,Estonia,2012,47.79999999999999,20.986589999999996,175.62,1.322696,15.86652564156843
109,Estonia,2013,47.79999999999999,31.913669999999996,267.06,1.317997,24.213765281711563
110,Estonia,2014,47.79999999999999,30.115194999999993,252.01,1.314545,22.909215736243333
111,Estonia,2015,47.79999999999999,33.13376499999999,277.27,1.314608,25.20429283862565
112,Estonia,2016,47.79999999999999,34.93701999999999,292.36,1.31579,26.55212457915016
113,Estonia,2017,47.79999999999999,37.741685,315.83,1.317384,28.648962641112988
114,Estonia,2018,47.79999999999999,40.165144999999995,336.11,1.321977,30.382635250083773
115,Estonia,2019,35.849999999999994,10.150449499999999,84.941,1.326855,7.650006594541227
116,Finland,2000,21.899999999999995,202.57499999999996,1850.0,5.176203,39.13582987375108
117,Finland,2001,32.849999999999994,184.94549999999995,1689.0,5.188005,35.648674201354844
118,Finland,2002,32.849999999999994,191.99839499999996,1753.4099999999999,5.200598,36.91852263912726
119,Finland,2003,32.849999999999994,192.23381999999995,1755.56,5.21301,36.87578193788233
120,Finland,2004,32.849999999999994,192.65101499999994,1759.37,5.228173,36.848630487170176
121,Finland,2005,32.849999999999994,192.21191999999996,1755.36,5.2461,36.63901183736489
122,Finland,2006,32.849999999999994,194.92642499999997,1780.15,5.266266,37.01416240653244
123,Finland,2007,32.849999999999994,196.67185499999994,1796.0900000000001,5.288719,37.187049453752394
124,Finland,2008,32.849999999999994,220.61512499999992,2014.7499999999998,5.313398,41.52053450541441
125,Finland,2009,32.849999999999994,192.36631499999996,1756.77,5.338867,36.03129933748115
126,Finland,2010,32.849999999999994,197.86649999999997,1807.0,5.363341,36.89239598973848
127,Finland,2011,32.849999999999994,193.92449999999997,1771.0,5.388272,35.990109630694214
128,Finland,2012,32.849999999999994,199.94699999999995,1826.0,5.413967,36.93169906650704
129,Finland,2013,43.79999999999999,198.12272999999996,1809.3400000000001,5.438975,36.426482931066964
130,Finland,2014,43.79999999999999,194.20372499999996,1773.55,5.461507,35.55863335888793
131,Finland,2015,43.79999999999999,178.150149,1626.942,5.479528,32.511951576851146
132,Finland,2016,43.79999999999999,175.67796749999997,1604.365,5.495297,31.968784853666683
133,Finland,2017,43.79999999999999,183.02486999999994,1671.4599999999998,5.508209,33.227655305018374
134,Finland,2018,43.79999999999999,192.31923,1756.3400000000001,5.515525,34.86870787459036
135,Finland,2019,32.849999999999994,3.3254054999999996,30.369,5.521605,0.6022534208803417
136,France,2000,29.849999999999994,2487.1019999999994,24996.0,60.72478,40.9569536521993
137,France,2001,29.849999999999994,2482.2264999999998,24947.0,61.163237,40.583635231732416
138,France,2002,29.849999999999994,2451.2819999999992,24636.0,61.60455,39.790599882638524
139,France,2003,29.849999999999994,2316.8574999999996,23285.0,62.037544,37.34605451176468
140,France,2004,29.849999999999994,2356.0604999999996,23679.0,62.4908,37.702517810621714
141,France,2005,39.79999999999999,2403.0244999999995,24151.0,62.958328,38.1684929752264
142,France,2006,39.79999999999999,2392.3779999999997,24044.0,63.393406,37.73859382157191
143,France,2007,39.79999999999999,2381.6319999999996,23936.0,63.781275,37.340614467177076
144,France,2008,39.79999999999999,2319.544,23312.0,64.133174,36.16761584262148
145,France,2009,39.79999999999999,2257.754499999999,22691.0,64.458715,35.02636532546451
146,France,2010,39.79999999999999,2244.7199999999993,22560.0,64.773169,34.65508998023548
147,France,2011,39.79999999999999,2231.6854999999996,22429.0,65.087317,34.2875632744241
148,France,2012,39.79999999999999,2176.3634999999995,21873.0,65.402998,33.27620394404549
149,France,2013,39.79999999999999,2120.8424999999993,21315.0,65.735961,32.263048531381465
150,France,2014,39.79999999999999,2084.923,20954.0,66.276671,31.457871503534026
151,France,2015,39.79999999999999,2048.9039999999995,20592.0,66.512558,30.804769228692116
152,France,2016,39.79999999999999,2027.6739834999996,20378.633,66.688563,30.405123341764007
153,France,2017,39.79999999999999,2006.3410839999995,20164.232,66.883314,29.997632653190593
154,France,2018,39.79999999999999,1970.4606874999995,19803.625,67.068133,29.37998419458015
155,France,2019,29.849999999999994,724.3002999999998,7279.4,67.215667,10.775766013004079
156,Germany,2000,91.80000000000003,8353.456668000003,36398.504,82.211501,101.60934378269049
157,Germany,2001,91.80000000000003,8331.195168000002,36301.504,82.349926,101.16821681175527
158,Germany,2002,91.80000000000003,8039.844000000003,35032.0,82.488493,97.46624901972693
159,Germany,2003,91.80000000000003,7411.702500000002,32295.0,82.534175,89.80161854165262
160,Germany,2004,91.80000000000003,7772.247000000002,33866.0,82.516268,94.19048132424024
161,Germany,2005,91.80000000000003,7562.713500000002,32953.0,82.469421,91.70324476996149
162,Germany,2006,91.80000000000003,7644.415500000003,33309.0,82.376447,92.79855806356886
163,Germany,2007,91.80000000000003,7174.399500000001,31261.0,82.266373,87.20938140788097
164,Germany,2008,91.80000000000003,6991.947000000002,30466.0,82.110097,85.15331555387155
165,Germany,2009,91.80000000000003,7046.7975000000015,30705.0,81.902308,86.03905887487323
166,Germany,2010,91.80000000000003,7112.434500000002,30991.0,81.776936,86.97359974455391
167,Germany,2011,91.80000000000003,7056.436500000002,30747.0,80.274981,87.90330950062763
168,Germany,2012,91.80000000000003,6108.372000000001,26616.0,80.425826,75.95037942165494
169,Germany,2013,91.80000000000003,5318.892000000002,23176.0,80.645605,65.95389792165365
170,Germany,2014,91.80000000000003,5123.128500000002,22323.0,80.982495,63.26217165820838
171,Germany,2015,91.80000000000003,4840.155000000002,21090.0,81.686608,59.252735772796456
172,Germany,2016,91.80000000000003,4398.597000000001,19166.0,82.348669,53.414305943426974
173,Germany,2017,91.80000000000003,3968.2845000000016,17291.0,82.657,48.00905549439251
174,Germany,2018,91.80000000000003,3861.744403500001,16826.773,82.905788,46.57991313585972
175,Germany,2019,68.85000000000002,205.86379500000007,897.01,83.092958,2.4775119330810207
176,Greece,2000,29.849999999999994,403.5719999999999,4056.0,10.805806,37.34769993094452
177,Greece,2001,29.849999999999994,413.62149999999986,4157.0,10.862129,38.07922921924421
178,Greece,2002,29.849999999999994,421.1834999999999,4233.0,10.902022,38.63352137796089
179,Greece,2003,29.849999999999994,430.66087499999986,4328.25,10.928072,39.40867840182604
180,Greece,2004,29.849999999999994,427.6758749999999,4298.25,10.955142,39.03882532969448
181,Greece,2005,29.849999999999994,427.3067299999999,4294.54,10.987316,38.890911119694735
182,Greece,2006,29.849999999999994,427.35846999999995,4295.06,11.020366,38.778972495105876
183,Greece,2007,29.849999999999994,397.9323399999999,3999.32,11.048466,36.01697647438114
184,Greece,2008,29.849999999999994,416.0035299999999,4180.94,11.077839,37.55276909151684
185,Greece,2009,29.849999999999994,416.0094999999999,4181.0,11.107017,37.45465591706575
186,Greece,2010,29.849999999999994,487.84849999999994,4903.0,11.121344,43.86596619976866
187,Greece,2011,29.849999999999994,457.1029999999999,4594.0,11.1049,41.16227971436032
188,Greece,2012,29.849999999999994,448.4464999999999,4507.0,11.04501,40.60172874447374
189,Greece,2013,29.849999999999994,442.77499999999986,4450.0,10.965209,40.37998728524006
190,Greece,2014,29.849999999999994,447.2524999999999,4495.0,10.892415,41.06091257081188
191,Greece,2015,29.849999999999994,442.1779999999999,4444.0,10.820883,40.86339349570639
192,Greece,2016,29.849999999999994,441.97899999999987,4442.0,10.775966,41.01525561606262
193,Greece,2017,29.849999999999994,437.10349999999994,4393.0,10.754679,40.64310055186212
194,Greece,2018,29.849999999999994,439.09349999999995,4413.0,10.732877,40.91107165394702
195,Greece,2019,19.899999999999995,433.6927394999999,4358.721,10.721584,40.45043526217767
196,Iceland,2000,71.80000000000003,22.617000000000008,126.0,0.2812,80.43029871977244
197,Iceland,2001,71.80000000000003,20.82200000000001,116.0,0.28497,73.06734042179882
198,Iceland,2002,71.80000000000003,20.822000000000006,116.0,0.287516,72.42031747798386
199,Iceland,2003,71.80000000000003,21.54000000000001,120.0,0.289522,74.39849130636017
200,Iceland,2004,71.80000000000003,22.078500000000012,123.0,0.292077,75.59136802966346
201,Iceland,2005,53.85000000000002,22.07850000000001,123.0,0.296734,74.40502268024564
202,Iceland,2006,53.85000000000002,23.69400000000001,132.0,0.303784,77.99620783188058
203,Iceland,2007,53.85000000000002,24.41200000000001,136.0,0.311567,78.35232871260439
204,Iceland,2008,53.85000000000002,30.15600000000001,168.0,0.317404,95.008254464342
205,Iceland,2009,53.85000000000002,19.206500000000013,107.0,0.318501,60.30279339782297
206,Iceland,2010,53.85000000000002,22.25800000000001,124.0,0.318044,69.98402736728255
207,Iceland,2011,53.85000000000002,21.54000000000001,120.0,0.319011,67.52118265514359
208,Iceland,2012,53.85000000000002,21.71950000000001,121.0,0.320723,67.7204316497414
209,Iceland,2013,53.85000000000002,21.00150000000001,117.0,0.323763,64.86689337571003
210,Iceland,2014,53.85000000000002,23.335000000000004,130.0,0.327379,71.27824325934164
211,Iceland,2015,53.85000000000002,22.563150000000007,125.7,0.330818,68.2041182765146
212,Iceland,2016,53.85000000000002,25.471050000000012,141.9,0.335435,75.93438371070405
213,Iceland,2017,53.85000000000002,28.594350000000013,159.3,0.343399,83.26858843502751
214,India,2012,2.9499999999999997,631.1252714999999,21394.077,1265.780243,0.49860572164105105
215,Ireland,2000,35.849999999999994,250.11349999999996,2093.0,3.789536,66.00108825988194
216,Ireland,2001,35.849999999999994,247.48449999999994,2071.0,3.847198,64.32850609716472
217,Ireland,2002,35.849999999999994,235.05649999999994,1967.0,3.917203,60.00620851153232
218,Ireland,2003,35.849999999999994,227.52799999999996,1904.0,3.979853,57.16995074943722
219,Ireland,2004,35.849999999999994,217.37049999999996,1819.0,4.045188,53.73557421805859
220,Ireland,2005,35.849999999999994,219.04349999999997,1833.0,4.133839,52.98791268842351
221,Ireland,2006,35.849999999999994,236.72949999999994,1981.0,4.232929,55.92569589520635
222,Ireland,2007,35.849999999999994,240.79249999999996,2015.0,4.375842,55.02769524128156
223,Ireland,2008,35.849999999999994,241.436605,2020.3899999999999,4.48507,53.83117877758875
224,Ireland,2009,35.849999999999994,219.26098999999996,1834.82,4.533395,48.365736936666664
225,Ireland,2010,35.849999999999994,191.91699999999994,1606.0,4.554763,42.13545249225918
226,Ireland,2011,35.849999999999994,184.07540999999998,1540.38,4.574888,40.23604730869914
227,Ireland,2012,35.849999999999994,173.84859999999995,1454.7999999999997,4.593697,37.84502983109246
228,Ireland,2013,35.849999999999994,173.84859999999995,1454.7999999999997,4.614669,37.67303787118858
229,Ireland,2014,35.849999999999994,170.85393,1429.74,4.64544,36.77884764414135
230,Ireland,2015,35.849999999999994,170.85393,1429.74,4.687787,36.44660689574846
231,Ireland,2016,47.79999999999999,181.82653949999997,1521.561,4.739597,38.36329111947703
232,Ireland,2017,47.79999999999999,179.69585449999994,1503.731,4.79249,37.49530087699712
233,Ireland,2018,47.79999999999999,198.54076549999996,1661.429,4.857015,40.87711598584727
234,Israel,2004,13.949999999999998,488.3392799999999,3500.64,6.809,71.71967689822293
235,Israel,2005,13.949999999999998,507.29732999999993,3636.54,6.930128,73.20172585556861
236,Israel,2006,13.949999999999998,518.90652,3719.76,7.053707,73.5650800352212
237,Israel,2007,13.949999999999998,528.3590399999999,3787.52,7.1801145,73.58643653941729
238,Israel,2008,13.949999999999998,538.1324099999999,3857.58,7.308795,73.62806180772617
239,Israel,2009,13.949999999999998,552.3083999999999,3959.2,7.485565,73.78312792688325
240,Israel,2010,13.949999999999998,573.9908849999999,4114.63,7.623561,75.29170226354849
241,Israel,2011,13.949999999999998,575.9724825,4128.835,7.765832,74.16751772379315
242,Israel,2012,13.949999999999998,555.4471499999999,3981.7,7.910525,70.21621826617069
243,Israel,2013,13.949999999999998,555.5492639999999,3982.432,8.059456,68.93136013150264
244,Israel,2014,13.949999999999998,565.540533,4054.054,8.215668,68.83682897118042
245,Israel,2015,13.949999999999998,573.750666,4112.908,8.380149,68.4654492420123
246,Israel,2016,27.899999999999995,585.2863394999999,4195.601000000001,8.546009,68.48651101350349
247,Israel,2017,27.899999999999995,592.9183845,4250.311000000001,8.713268,68.0477617008911
248,Israel,2018,27.899999999999995,610.6655744999999,4377.531,8.882764,68.74724742208618
249,Israel,2019,27.899999999999995,631.7501624999999,4528.675,9.054,69.77580765407554
250,Italy,2000,17.850000000000005,1447.3375000000005,24325.0,56.942108,25.417701431074534
251,Italy,2001,17.850000000000005,1339.8805000000004,22519.0,56.976976,23.51617432276505
252,Italy,2002,17.850000000000005,1284.0100000000007,21580.0,57.089823,22.49104888624371
253,Italy,2003,17.850000000000005,1256.1045000000006,21111.0,57.399187,21.88366361356304
254,Italy,2004,17.850000000000005,1261.9355000000005,21209.0,57.828178,21.822155628005444
255,Italy,2005,17.850000000000005,1248.9645000000005,20991.0,58.166684,21.472162655859847
256,Italy,2006,17.850000000000005,1286.5090000000007,21622.0,58.399863,22.02931537698985
257,Italy,2007,17.850000000000005,1247.5365000000004,20967.0,58.756247,21.232406147383788
258,Italy,2008,17.850000000000005,1218.0840000000005,20472.0,59.211183,20.57185717772267
259,Italy,2009,17.850000000000005,1209.8730000000005,20334.0,59.555456,20.31506567593069
260,Italy,2010,17.850000000000005,1220.2260000000003,20508.0,59.819402,20.39849880144239
261,Italy,2011,17.850000000000005,1120.9800000000005,18840.0,60.026844,18.674644963843186
262,Italy,2012,17.850000000000005,1026.3155000000004,17249.0,60.191243,17.050910545243273
263,Italy,2013,17.850000000000005,1004.5980000000004,16884.0,60.311616,16.65679128876269
264,Italy,2014,17.850000000000005,904.4000000000003,15200.0,60.320708,14.993192719157081
265,Italy,2015,17.850000000000005,1007.3350000000003,16930.0,60.229599,16.724916265838
266,Italy,2016,17.850000000000005,910.1120000000003,15296.0,60.11522,15.139460522643024
267,Italy,2017,17.850000000000005,762.6115000000003,12817.0,60.002254,12.709714205069702
268,Italy,2018,17.850000000000005,739.1090000000003,12422.0,59.877216,12.343743570175345
269,Italy,2019,11.900000000000004,384.42950000000013,6461.0,59.729077,6.436220335365306
270,Japan,2000,29.849999999999994,4574.313499999998,45973.0,126.925843,36.03926034196203
271,Japan,2001,29.849999999999994,4575.417949999999,45984.1,127.291,35.94455185362672
272,Japan,2002,29.849999999999994,4489.995209999999,45125.58,127.435,35.233610938910026
273,Japan,2003,29.849999999999994,4445.729649999999,44680.7,127.619,34.83595428580383
274,Japan,2004,29.849999999999994,4320.933764999999,43426.47,127.687,33.84004452293498
275,Japan,2005,29.849999999999994,4218.640799999999,42398.4,127.767994,33.01797788262997
276,Japan,2006,29.849999999999994,4150.097239999999,41709.52,127.900515,32.44785402154166
277,Japan,2007,29.849999999999994,4036.0911349999988,40563.73,128.032743,31.52389803130281
278,Japan,2008,29.849999999999994,4176.611999999999,41976.0,128.08396,32.608392182752624
279,Japan,2009,29.849999999999994,4195.914999999999,42170.0,128.031514,32.77251724134106
280,Japan,2010,29.849999999999994,4099.797999999999,41204.0,128.057352,32.01532700754267
281,Japan,2011,29.849999999999994,3914.6284999999993,39343.0,127.834233,30.622693218646678
282,Japan,2012,29.849999999999994,3934.229999999999,39540.0,127.592657,30.834297932991543
283,Japan,2013,29.849999999999994,3891.046999999999,39106.0,127.413888,30.53864112521234
284,Japan,2014,29.849999999999994,3799.705999999999,38188.0,127.23715,29.86318068268583
285,Japan,2015,29.849999999999994,3809.0589999999993,38282.0,127.094745,29.970232050113474
286,Japan,2016,29.849999999999994,3631.650499999999,36499.0,126.932772,28.61081848901873
287,Japan,2017,29.849999999999994,3617.2229999999995,36354.0,126.70621,28.548111414586543
288,Japan,2018,29.849999999999994,3600.606499999999,36187.0,126.44318,28.47608309123512
289,Korea,2000,26.849999999999994,968.3004999999997,10819.0,47.008111,20.598583508280086
290,Korea,2001,17.899999999999995,900.8720949999997,10065.61,47.370164,19.017711127198115
291,Korea,2002,26.849999999999994,960.2454999999999,10729.0,47.644736,20.154283151028476
292,Korea,2003,26.849999999999994,946.6074899999999,10576.62,47.89233,19.765325470696453
293,Korea,2004,26.849999999999994,852.4579649999997,9524.67,48.082519,17.72906209427172
294,Korea,2005,26.849999999999994,718.0584999999999,8023.0,48.184561,14.902252611578216
295,Korea,2008,26.849999999999994,705.2599999999998,7880.0,49.054708,14.377009440154037
296,Korea,2009,26.849999999999994,675.0984999999998,7543.0,49.307835,13.691505619745826
297,Korea,2010,26.849999999999994,640.9094999999999,7161.0,49.554112,12.933528099544995
298,Korea,2011,26.849999999999994,677.6044999999998,7571.0,49.936638,13.56928554140949
299,Korea,2012,26.849999999999994,666.9539999999997,7452.0,50.199853,13.28597516012646
300,Korea,2013,26.849999999999994,678.4994999999999,7581.0,50.428893,13.454578509189163
301,Korea,2014,26.849999999999994,688.1654999999998,7689.0,50.746659,13.560804071850322
302,Korea,2015,26.849999999999994,702.6644999999999,7851.0,51.014947,13.773698520161158
303,Korea,2016,26.849999999999994,731.3044999999998,8171.0,51.217803,14.278326229651041
304,Korea,2017,26.849999999999994,697.9020259999998,7797.7880000000005,51.361911,13.58792950675063
305,Korea,2018,26.849999999999994,622.1765234999998,6951.692999999999,51.606633,12.05613478988253
306,Mexico,2000,13.900000000000004,2085.6081250000007,30008.75,98.785275,21.11254055829678
307,Mexico,2001,13.900000000000004,2136.8810550000007,30746.489999999998,100.105299,21.34633307473564
308,Mexico,2002,13.900000000000004,2181.823230000001,31393.14,101.493987,21.49706888547004
309,Mexico,2003,13.900000000000004,2230.609450000001,32095.1,102.890474,21.679455476121152
310,Mexico,2004,13.900000000000004,2342.6601300000007,33707.34,104.272444,22.466723135404795
311,Mexico,2005,13.900000000000004,2380.7225000000008,34255.0,105.669369,22.529920662249822
312,Mexico,2006,13.900000000000004,2429.6480675000003,34958.965,107.155391,22.674062824333312
313,Mexico,2007,13.900000000000004,2478.5646000000006,35662.8,108.744845,22.7924790365925
314,Mexico,2008,13.900000000000004,2519.2499000000007,36248.2,110.405454,22.818165305492975
315,Mexico,2009,13.900000000000004,2559.337500000001,36825.0,112.095388,22.831782338805954
316,Mexico,2010,13.900000000000004,2666.282918500001,38363.782999999996,113.748671,23.44012369603862
317,Mexico,2011,13.900000000000004,2716.232360000001,39082.479999999996,115.367452,23.544182634804148
318,Mexico,2012,13.900000000000004,2780.2082220000007,40002.996,116.93567,23.77553591645732
319,Netherlands,2000,59.85000000000002,1384.5300000000007,6940.0,15.925505,86.93790244014245
320,Netherlands,2001,59.85000000000002,1425.0285000000003,7143.0,16.046182,88.80794820848973
321,Netherlands,2002,59.85000000000002,1406.4750000000004,7050.0,16.148921,87.09405414764245
322,Netherlands,2003,59.85000000000002,1324.6800000000003,6640.0,16.225303,81.64285129220701
323,Netherlands,2004,59.85000000000002,1340.8395000000005,6721.0,16.281777,82.35215971819295
324,Netherlands,2005,59.85000000000002,1350.2160000000003,6768.0,16.319871,82.73447749678907
325,Netherlands,2006,59.85000000000002,1344.2310000000002,6738.0,16.346096,82.23559925256772
326,Netherlands,2007,59.85000000000002,1343.2335000000007,6733.0,16.381696,81.99599723984626
327,Netherlands,2008,59.85000000000002,1826.4225000000006,9155.0,16.44559,111.05849653311317
328,Netherlands,2009,59.85000000000002,1779.3405000000005,8919.0,16.530387,107.6405833692823
329,Netherlands,2010,59.85000000000002,1327.2735000000005,6653.0,16.61539,79.88217550114685
330,Netherlands,2011,59.85000000000002,1107.4245000000005,5551.0,16.693074,66.34035768367171
331,Netherlands,2012,59.85000000000002,950.2185000000003,4763.0,16.754963,56.71265881040742
332,Netherlands,2013,59.85000000000002,905.3310000000002,4538.0,16.80443,53.87454379589193
333,Netherlands,2014,59.85000000000002,890.3685000000003,4463.0,16.865008,52.793837986913516
334,Netherlands,2015,59.85000000000002,871.8150000000003,4370.0,16.939925,51.46510388918489
335,Netherlands,2016,59.85000000000002,840.8925000000004,4215.0,17.030314,49.376218195389725
336,Netherlands,2017,59.85000000000002,815.5560000000003,4088.0,17.131295,47.606208403976474
337,Netherlands,2018,59.85000000000002,793.6110000000002,3978.0,17.231622,46.05550191386511
338,Netherlands,2019,39.90000000000001,43.690500000000014,219.0,17.344876,2.518928356708922
339,New Zealand,2002,8.949999999999998,270.46899999999994,3022.0,3.9485,68.49917690262123
340,New Zealand,2003,8.949999999999998,275.2124999999999,3075.0,4.0272,68.33842371871273
341,New Zealand,2004,8.949999999999998,285.14699999999993,3186.0,4.0875,69.76073394495411
342,New Zealand,2006,8.949999999999998,282.46199999999993,3156.0,4.1846,67.50035845720019
343,New Zealand,2010,8.949999999999998,226.61399999999995,2532.0,4.3507,52.08679063139264
344,New Zealand,2011,8.949999999999998,224.82399999999996,2512.0,4.384,51.28284671532845
345,New Zealand,2012,8.949999999999998,225.00299999999993,2514.0,4.4081,51.04307978494134
346,New Zealand,2013,8.949999999999998,240.21799999999993,2684.0,4.4421,54.07757592129847
347,New Zealand,2014,8.949999999999998,262.32449999999994,2931.0,4.5165,58.08136831617402
348,New Zealand,2015,8.949999999999998,288.2794999999999,3221.0,4.6094,62.54165401136806
349,New Zealand,2016,8.949999999999998,304.74749999999995,3405.0,4.7141,64.64595574977194
350,New Zealand,2017,8.949999999999998,311.5494999999999,3481.0,4.8136,64.72276466677745
351,New Zealand,2018,8.949999999999998,331.5974999999999,3705.0,4.9006,67.66467371342283
352,Norway,2000,39.79999999999999,190.24399999999994,1912.0,4.490973,42.36142145588494
353,Norway,2001,39.79999999999999,89.31119999999997,897.6,4.513747,19.786487811567632
354,Norway,2002,39.79999999999999,96.34783999999999,968.32,4.538157,21.230609694640357
355,Norway,2003,39.79999999999999,98.67713499999996,991.73,4.564856,21.616702695550522
356,Norway,2004,39.79999999999999,101.27806499999997,1017.87,4.591909,22.055764824607795
357,Norway,2005,39.79999999999999,104.19938499999998,1047.23,4.623293,22.537915074817878
358,Norway,2006,39.79999999999999,110.23206999999996,1107.8600000000001,4.660673,23.65153487489896
359,Norway,2007,39.79999999999999,129.62959499999994,1302.81,4.709156,27.527139682779662
360,Norway,2008,39.79999999999999,128.55200999999997,1291.98,4.768215,26.96019579654021
361,Norway,2009,39.79999999999999,126.25256499999996,1268.87,4.828716,26.146198078329718
362,Norway,2010,39.79999999999999,128.70026499999997,1293.47,4.889253,26.323093732314522
363,Norway,2011,39.79999999999999,139.08408499999996,1397.83,4.953089,28.080271725381866
364,Norway,2012,39.79999999999999,138.40449999999996,1391.0,5.018574,27.578451568114758
365,Norway,2013,39.79999999999999,149.13656999999995,1498.86,5.080171,29.356604334775334
366,Norway,2014,39.79999999999999,120.36813499999997,1209.73,5.137427,23.42965359897084
367,Norway,2015,39.79999999999999,121.40094499999996,1220.1100000000001,5.189898,23.39177860528279
368,Norway,2016,39.79999999999999,226.87193999999997,2280.12,5.236152,43.32798971458429
369,Norway,2017,39.79999999999999,221.47804499999998,2225.9100000000003,5.276965,41.970724649490755
370,Norway,2018,39.79999999999999,211.89022499999993,2129.5499999999997,5.311916,39.88960386421772
371,Norway,2019,29.849999999999994,15.317626999999996,153.946,5.347893,2.8642358775689782
372,Poland,2000,32.849999999999994,1310.1674999999998,11965.0,38.2584775,34.24515520775755
373,Poland,2001,32.849999999999994,1167.9269999999997,10666.0,38.248076,30.535575175075465
374,Poland,2002,32.849999999999994,1118.4329999999998,10214.0,38.232301,29.25361463334367
375,Poland,2003,32.849999999999994,1061.3834999999997,9693.0,38.195177,27.78841684645157
376,Poland,2004,32.849999999999994,1016.3789999999997,9282.0,38.180249,26.620544040977826
377,Poland,2005,32.849999999999994,953.8544999999998,8711.0,38.161313,24.995327073782807
378,Poland,2006,32.849999999999994,993.9314999999998,9077.0,38.132277,26.06535927555545
379,Poland,2007,32.849999999999994,1005.2099999999998,9180.0,38.115967,26.372412380354927
380,Poland,2008,32.849999999999994,963.1619999999998,8796.0,38.115909,25.26929109837049
381,Poland,2009,32.849999999999994,932.3924999999998,8515.0,38.153389,24.43799946578795
382,Poland,2010,32.849999999999994,888.5924999999997,8115.0,38.516689,23.07032413923221
383,Poland,2011,32.849999999999994,929.6549999999999,8490.0,38.52567,24.130793831749063
384,Poland,2012,32.849999999999994,896.4765,8187.0,38.533789,23.264685961715315
385,Poland,2013,32.849999999999994,872.2769999999997,7966.0,38.502396,22.65513554013625
386,Poland,2014,32.849999999999994,874.7954999999998,7989.0,38.483957,22.731433256720454
387,Poland,2015,32.849999999999994,816.5414999999998,7457.0,38.454576,21.23392284964993
388,Poland,2016,32.849999999999994,848.4762989999998,7748.642000000001,38.426809,22.080321553631993
389,Poland,2017,32.849999999999994,889.1214944999999,8119.831,38.422346,23.14073936297383
390,Poland,2018,32.849999999999994,919.2856784999999,8395.303,38.413139,23.931542759366785
391,Poland,2019,21.899999999999995,620.3977634999999,5665.733,38.386476,16.161883771253184
392,Portugal,2000,47.79999999999999,502.92650499999996,4208.59,10.289898,48.875752218340736
393,Portugal,2001,47.79999999999999,495.8664449999999,4149.51,10.3627215,47.85098634562358
394,Portugal,2002,47.79999999999999,505.97016999999994,4234.06,10.4196305,48.55931983384631
395,Portugal,2003,47.79999999999999,499.46458999999993,4179.62,10.458821,47.75534355162976
396,Portugal,2004,47.79999999999999,482.4812499999999,4037.5,10.483861,46.021332217205085
397,Portugal,2005,47.79999999999999,481.1093899999999,4026.02,10.50333,45.80541504456205
398,Portugal,2006,47.79999999999999,492.4415749999999,4120.85,10.522288,46.79985712232928
399,Portugal,2007,47.79999999999999,492.1404349999999,4118.33,10.5429635,46.67951615311956
400,Portugal,2008,47.79999999999999,540.5188149999999,4523.17,10.5581765,51.19433407842727
401,Portugal,2009,47.79999999999999,528.73253,4424.54,10.5682465,50.03029878230035
402,Portugal,2010,47.79999999999999,530.4843999999999,4439.200000000001,10.5731,50.17302399485486
403,Portugal,2011,47.79999999999999,494.2997999999999,4136.4,10.5575595,46.8195135438261
404,Portugal,2012,47.79999999999999,420.9518949999999,3522.61,10.5148435,40.034061847901015
405,Portugal,2013,47.79999999999999,407.59179499999993,3410.81,10.457295,38.97679036500356
406,Portugal,2014,47.79999999999999,392.0579899999999,3280.82,10.4010615,37.69403632504239
407,Portugal,2015,47.79999999999999,377.9191084999999,3162.5029999999997,10.358076,36.48545429672459
408,Portugal,2016,47.79999999999999,369.74399399999993,3094.092,10.3254515,35.80899043494611
409,Portugal,2017,47.79999999999999,397.1584889999999,3323.502,10.3003,38.557953554750824
410,Portugal,2018,47.79999999999999,412.8285239999999,3454.632,10.283822,40.14349178739187
411,Portugal,2019,35.849999999999994,299.405338,2505.484,10.286263,29.107299511980198
412,Slovenia,2000,35.849999999999994,95.60000000000001,800.0,1.990272,48.033635603575796
413,Slovenia,2001,35.849999999999994,85.11984999999999,712.3,1.992035,42.730097613746736
414,Slovenia,2002,35.849999999999994,85.75319999999999,717.6,1.995718,42.96859576352971
415,Slovenia,2003,35.849999999999994,83.481505,698.5899999999999,1.996773,41.808210046910695
416,Slovenia,2004,35.849999999999994,76.50868,640.24,1.997004,38.31173097299755
417,Slovenia,2005,35.849999999999994,78.85088,659.84,2.001114,39.403492254814076
418,Slovenia,2006,35.849999999999994,86.727125,725.75,2.008516,43.1797033232496
419,Slovenia,2007,35.849999999999994,82.26141000000001,688.38,2.019406,40.73544893894542
420,Slovenia,2008,35.849999999999994,83.43848499999999,698.23,2.022629,41.252491188448296
421,Slovenia,2009,35.849999999999994,76.775165,642.47,2.042335,37.591856869710405
422,Slovenia,2010,47.8,69.53227,581.86,2.049261,33.93041198754087
423,Slovenia,2011,47.8,59.09394499999999,494.51000000000005,2.052496,28.79125952011599
424,Slovenia,2012,47.8,39.26531000000001,328.58,2.056262,19.095480050693933
425,Slovenia,2013,47.8,27.50412,230.16000000000003,2.059114,13.357259481505151
426,Slovenia,2014,47.8,25.268275,211.45,2.061623,12.256496459342955
427,Slovenia,2015,35.849999999999994,44.001095,368.21000000000004,2.063077,21.327897601495245
428,Slovenia,2016,35.849999999999994,34.144735,285.73,2.064241,16.54106037037342
429,Slovenia,2017,35.849999999999994,29.462725,246.55,2.066161,14.259646271515141
430,Slovenia,2018,35.849999999999994,24.878705,208.19,2.07005,12.01840776792831
431,Slovenia,2019,35.849999999999994,12.937189499999997,108.261,2.08931,6.1920871005260105
432,Spain,2000,38.849999999999994,1945.2583499999996,15021.3,40.554387,47.966656480345755
433,Spain,2001,38.849999999999994,2099.7129999999997,16214.0,40.766049,51.506414075104495
434,Spain,2002,38.849999999999994,2109.555,16290.0,41.42352,50.92650262459588
435,Spain,2003,38.849999999999994,2193.6004999999996,16939.0,42.196231,51.98569749037538
436,Spain,2004,38.849999999999994,1866.2244999999998,14411.0,42.859172,43.54317670906008
437,Spain,2005,38.849999999999994,1877.6204999999998,14499.0,43.662613,43.002934799161004
438,Spain,2006,38.849999999999994,2382.5630149999997,18398.17,44.360521,53.70908549518613
439,Spain,2007,38.849999999999994,2402.2314749999996,18550.05,45.236004,53.10441379835406
440,Spain,2008,38.849999999999994,1976.2969099999998,15260.98,45.983169,42.97870183762237
441,Spain,2009,38.849999999999994,2173.078635,16780.53,46.36755,46.86636742722011
442,Spain,2010,38.849999999999994,2179.8320599999997,16832.68,46.562483,46.815202273469815
443,Spain,2011,38.849999999999994,2152.03359,16618.02,46.736257,46.04634021077041
444,Spain,2012,38.849999999999994,1990.9757349999998,15374.33,46.766403,42.57277890283758
445,Spain,2013,38.849999999999994,1850.9823499999995,14293.3,46.593236,39.72641758559117
446,Spain,2014,38.849999999999994,1866.9497,14416.6,46.455123,40.18824145616835
447,Spain,2015,38.849999999999994,1918.4000499999995,14813.900000000001,46.410149,41.33578735116751
448,Spain,2016,38.849999999999994,1844.9735499999997,14246.9,46.449874,39.71966748499683
449,Spain,2017,51.79999999999999,1821.6635499999998,14066.9,46.532869,39.147888130430985
450,Spain,2018,51.79999999999999,1918.6266749999995,14815.650000000001,46.728814,41.058749639997274
451,Spain,2019,38.849999999999994,1568.9572499999997,12115.5,47.105358,33.3074052849784
452,Sweden,2000,8.85,68.499,2322.0,8.872112,7.720709567237203
453,Sweden,2001,8.85,70.32799999999999,2384.0,8.895963,7.905608420358761
454,Sweden,2002,8.85,73.75531000000001,2500.1800000000003,8.92496,8.263937317366128
455,Sweden,2003,8.85,72.058765,2442.67,8.958232,8.043860105431516
456,Sweden,2004,8.85,68.566555,2324.29,8.993534,7.623983519715385
457,Sweden,2005,8.85,70.564,2392.0,9.029567,7.814771184487583
458,Sweden,2006,8.85,68.84887,2333.86,9.080506,7.582052145552242
459,Sweden,2007,8.85,70.13536500000001,2377.4700000000003,9.148093,7.666665063418137
460,Sweden,2008,8.85,71.77999,2433.22,9.219639,7.785553208753617
461,Sweden,2009,8.85,65.8263,2231.4,9.298512,7.079229450905693
462,Sweden,2010,8.85,63.75864499999999,2161.31,9.378131,6.798651565007995
463,Sweden,2011,8.85,66.919865,2268.47,9.449216,7.082054744012625
464,Sweden,2012,8.85,67.773595,2297.4100000000003,9.519379,7.119539520382579
465,Sweden,2013,8.85,66.78593499999998,2263.93,9.600374,6.956597211733624
466,Sweden,2014,8.85,64.18432999999999,2175.74,9.696105,6.619599313332518
467,Sweden,2015,8.85,68.410795,2319.01,9.799183,6.98127537775343
468,Sweden,2016,8.85,67.564145,2290.31,9.923086,6.808783578011921
469,Sweden,2017,8.85,71.417435,2420.93,10.057695,7.100775575318201
470,Sweden,2018,8.85,70.55898499999999,2391.83,10.175215,6.934397454992351
471,Sweden,2019,8.85,1.01952,34.56,10.278888,0.09918582632673884
472,Turkey,2000,47.79999999999999,2922.6198649999997,24457.07,64.268751,45.474975311096365
473,Turkey,2001,47.79999999999999,2977.4727549999993,24916.09,65.1663305,45.69035469934891
474,Turkey,2002,47.79999999999999,2986.3814799999996,24990.64,66.0025055,45.246486589815895
475,Turkey,2003,47.79999999999999,3082.09381,25791.58,66.794551,46.14289285364011
476,Turkey,2004,47.79999999999999,2947.4101399999995,24664.52,67.598736,43.60155698769278
477,Turkey,2005,47.79999999999999,3140.2688,26278.4,68.43538,45.886627647862845
478,Turkey,2006,47.79999999999999,2990.5675649999994,25025.67,69.295253,43.15688933266467
479,Turkey,2007,47.79999999999999,3075.0158249999995,25732.35,70.1581115,43.829797570876735
480,Turkey,2008,47.79999999999999,2878.1574999999993,24085.0,71.051689,40.50793922717305
481,Turkey,2009,47.79999999999999,3095.4084999999995,25903.0,72.039215,42.968381873678105
482,Turkey,2010,47.79999999999999,2997.2989999999995,25082.0,73.142162,40.97908672702346
483,Turkey,2011,47.79999999999999,3165.4354999999996,26489.0,74.223642,42.64726729523727
484,Turkey,2012,47.79999999999999,3069.9549999999995,25690.0,75.175836,40.836991822744736
485,Turkey,2013,47.79999999999999,3035.6584999999995,25403.0,76.147634,39.86543429569985
486,Turkey,2014,47.79999999999999,3332.1379999999995,27884.0,77.181894,43.17253473981864
487,Turkey,2015,47.79999999999999,3277.8849999999993,27430.0,78.218488,41.90678040209624
488,Turkey,2016,47.79999999999999,3404.7939999999994,28492.0,79.277971,42.9475421362638
489,Turkey,2017,47.79999999999999,3446.1409999999987,28838.0,80.312708,42.90903750873397
490,Turkey,2018,47.79999999999999,3374.386029999999,28237.54,81.407211,41.45070183033293
491,Turkey,2019,35.849999999999994,3421.784987999999,28634.184,82.579448,41.43627828560926
492,United Kingdom,2000,47.79999999999999,3601.012999999999,30134.0,58.886065,61.15220978002179
493,United Kingdom,2001,47.79999999999999,3650.6054999999988,30549.0,59.113016,61.7563735878406
494,United Kingdom,2002,47.79999999999999,3620.6109999999994,30298.0,59.365677,60.98828789571455
495,United Kingdom,2003,47.79999999999999,3448.281244999999,28855.91,59.636662,57.82149988542282
496,United Kingdom,2004,47.79999999999999,3336.77699,27922.82,59.950364,55.6589946643193
497,United Kingdom,2005,47.79999999999999,3071.8669999999993,25706.0,60.413276,50.847548806987376
498,United Kingdom,2006,35.849999999999994,2944.957999999999,24644.0,60.827067,48.41525566241751
499,United Kingdom,2007,35.849999999999994,2740.852,22936.0,61.319075,44.698195463646506
500,United Kingdom,2008,35.849999999999994,2514.8774999999996,21045.0,61.823772,40.67816340937592
501,United Kingdom,2009,47.79999999999999,2396.8485449999994,20057.309999999998,62.260486,38.49710625451911
502,United Kingdom,2010,47.79999999999999,2283.0797649999995,19105.27,62.759456,36.37825931760784
503,United Kingdom,2011,47.79999999999999,2152.8498599999994,18015.48,63.285145,34.01824962240348
504,United Kingdom,2012,47.79999999999999,2098.2850844999994,17558.871,63.70503,32.93751034258989
505,United Kingdom,2013,47.79999999999999,2112.9699614999995,17681.756999999998,64.105654,32.96074261250029
506,United Kingdom,2014,47.79999999999999,2115.2988969999997,17701.246,64.596752,32.74621140394179
507,United Kingdom,2015,47.79999999999999,2163.636408,18105.744,65.110034,33.230460423350415
508,United Kingdom,2016,47.79999999999999,2159.2490849999995,18069.03,65.648054,32.89128852166736
509,United Kingdom,2017,47.79999999999999,2112.66918,17679.239999999998,66.040229,31.990639826521498
510,United Kingdom,2018,47.79999999999999,2098.72353,17562.54,66.43555,31.590368861249736
511,United Kingdom,2019,35.849999999999994,593.1979999999999,4964.0,66.796807,8.880634069829114
512,United States,2000,38.849999999999994,20440.409499999994,157841.0,282.162411,72.44200043357296
513,United States,2001,38.849999999999994,20103.191499999997,155237.0,284.968955,70.54519851118518
514,United States,2002,38.849999999999994,20483.921499999997,158177.0,287.625193,71.21741070852578
515,United States,2003,38.849999999999994,20124.429499999995,155401.0,290.107933,69.36876662383443
516,United States,2004,38.849999999999994,20623.652,159256.0,292.805298,70.43469548150047
517,United States,2005,38.849999999999994,20434.452499999996,157795.0,295.516599,69.14823928384475
518,United States,2006,38.849999999999994,20495.705999999995,158268.0,298.379912,68.68996596526912
519,United States,2007,38.849999999999994,20170.2725,155755.0,301.231207,66.95943856839507
520,United States,2008,38.849999999999994,19806.118499999997,152943.0,304.093966,65.13157350843323
521,United States,2009,38.849999999999994,19048.284499999998,147091.0,306.771529,62.09273905597673
522,United States,2010,38.849999999999994,19457.115999999998,150248.0,309.327143,62.90141825672246
523,United States,2011,38.849999999999994,19350.278499999997,149423.0,311.583481,62.10303074443153
524,United States,2012,38.849999999999994,19441.834999999995,150130.0,313.877662,61.940804822230376
525,United States,2013,38.849999999999994,19700.316999999995,152126.0,316.059947,62.33095078004298
526,United States,2014,38.849999999999994,19881.098999999995,153522.0,318.386329,62.4433186639744
527,United States,2015,38.849999999999994,20107.982999999997,155274.0,320.738994,62.69266717223662
528,United States,2016,38.849999999999994,20495.706,158268.0,323.071755,63.44010481510524
529,United States,2017,38.849999999999994,20522.641999999996,158476.0,325.122128,63.122870554046074
530,United States,2018,25.899999999999995,21233.337999999996,163964.0,326.838199,64.96590075751824
